INSERT INTO dept VALUES
(10, 'CONTABILIDAD', 'SEVILLA'),
(20, 'INVESTIGACIÓN', 'MADRID'),
(30, 'VENTAS', 'BARCELONA'),
(40, 'PRODUCCIÓN', 'BILBAO');

INSERT INTO emp VALUES
(7369, 'SÁNCHEZ', 'EMPLEADO', 7902, '1980-12-17', 104000, NULL, 20),
(7499, 'ARROYO', 'VENDEDOR', 7698, '1980-02-20', 208000, 39000, 30),
(7521, 'SALA', 'VENDEDOR', 7698, '1981-02-22', 162500, 65000, 30),
(7566, 'JIMÉNEZ', 'DIRECTOR', 7839, '1981-04-02', 386750, NULL, 20),
(7654, 'MARTÍN', 'VENDEDOR', 7698, '1981-09-29', 162500, 182000, 30),
(7698, 'NEGRO', 'DIRECTOR', 7839, '1981-05-01', 370500, NULL, 30),
(7782, 'CEREZO', 'DIRECTOR', 7839, '1981-06-09', 318500, NULL, 10),
(7788, 'GIL', 'ANALISTA', 7566, '1981-11-09', 390000, NULL, 20),
(7839, 'REY', 'PRESIDENTE', NULL, '1981-11-17', 650000, NULL, 10),
(7844, 'TOVAR', 'VENDEDOR', 7698, '1981-09-08', 195000, 0, 30),
(7876, 'ALONSO', 'EMPLEADO', 7788, '1981-09-23', 143000, NULL, 20),
(7900, 'JIMENO', 'EMPLEADO', 7698, '1981-12-03', 123500, NULL, 30),
(7902, 'FERNÁNDEZ', 'ANALISTA', 7566, '1981-12-03', 390000, NULL, 20),
(7934, 'MUÑOZ', 'EMPLEADO', 7782, '1982-01-23', 169000, NULL, 10);

INSERT INTO cliente VALUES
(100, 'JOCKSPORTS', '345 VIEWRIDGE', 'BELMONT', 'CA', '96711', 415, '598-
6609', 7844, 5000, 'Very friendly people to work with -- sales rep likes to be called
Mike.'),
(101, 'TKB SPORT SHOP', '490 BOLI RD.', 'REDWOOD CIUDAD', 'CA',
'94061', 415, '368-1223', 7521, 10000, 'Rep called 5/8 about change in order - contact shipping.'),
(102, 'VOLLYRITE', '9722 HAMILTON', 'BURLINGAME', 'CA', '95133', 415,
'644-3341', 7654, 7000, 'Company doing heavy promotion beginning 10/89. Prepare
for large orders during winter.'),
(103, 'JUST TENNIS', 'HILLVIEW MALL', 'BURLINGAME', 'CA', '97544', 415,
'677-9312', 7521, 3000, 'Contact rep about new line of tennis rackets.'),
(104, 'EVERY MOUNTAIN', '574 SURRY RD.', 'CUPERTINO', 'CA', '93301',
408, '996-2323', 7499, 10000, 'CLIENT with high market share (23%) due to
aggressive advertising.'),
(105, 'K + T SPORTS', '3476 EL PASEO', 'SANTA CLARA', 'CA', '91003', 408,
'376-9966', 7844, 5000, 'Tends to order large amounts of merchandise at once.
Accounting is considering raising their credit limit. Usually pays on time.'),
(106, 'SHAPE UP', '908 SEQUOIA', 'PALO ALTO', 'CA', '94301', 415, '364-9777',
7521, 6000, 'Support intensive. Orders small amounts (< 800) of merchandise at a time.'),
(107, 'WOMEN SPORTS', 'VALCO VILLAGE', 'SUNNYVALE', 'CA', '93301',
408, '967-4398', 7499, 10000, 'First sporting goods store geared exclusively
towards women. Unusual promotion al style and very willing to take chances towards
new PRODUCTS!'),
(108, 'NORTH WOODS HEALTH AND FITNESS SUPPLY CENTER', '98 LONE
PINE WAY', 'HIBBING', 'MN', '55649', 612, '566-9123', 7844, 8000, ''),
(109, 'SPRINGFIELD NUCLEAR POWER PLANT', '13 PERCEBE STR.',
'SPRINGFIELD', 'NT', '0000', 636, '999-6666', NULL, 10000, '');

INSERT INTO producto VALUES
(100860, 'ACE TENNIS RACKET I'),
(100861, 'ACE TENNIS RACKET II'),
(100870, 'ACE TENNIS BALLS-3 PACK'),
(100871, 'ACE TENNIS BALLS-6 PACK'),
(100890, 'ACE TENNIS NET'),
(101860, 'SP TENNIS RACKET'),
(101863, 'SP JUNIOR RACKET'),
(102130, 'RH: "GUIDE TO TENNIS"'),
(200376, 'SB ENERGY BAR-6 PACK'),
(200380, 'SB VITA SNACK-6 PACK');

INSERT INTO pedido VALUES
(610, '1987-01-07', 'A', 101, '1987-01-08', 101.4),
(611, '1987-01-11', 'B', 102, '1987-01-11', 45),
(612, '1987-01-15', 'C', 104, '1987-01-20', 5860),
(601, '1986-05-01', 'A', 106, '1986-05-30', 2.4),
(602, '1986-06-05', 'B', 102, '1986-06-20', 56),
(604, '1986-06-15', 'A', 106, '1986-06-30', 698),
(605, '1986-07-14', 'A', 106, '1986-07-30', 8324),
(606, '1986-07-14', 'A', 100, '1986-07-30', 3.4),
(609, '1986-08-01', 'B', 100, '1986-08-15', 97.5),
(607, '1986-07-18', 'C', 104, '1986-07-18', 5.6),
(608, '1986-07-25', 'C', 104, '1986-07-25', 35.2),
(603, '1986-06-05', NULL, 102, '1986-06-05', 224),
(620, '1987-03-12', NULL, 100, '1987-03-12', 4450),
(613, '1987-02-01', NULL, 108, '1987-02-01', 6400),
(614, '1987-02-01', NULL, 102, '1987-02-05', 23940),
(616, '1987-02-03', NULL, 103, '1987-02-10', 764),
(619, '1987-02-22', NULL, 104, '1987-02-04', 1260),
(617, '1987-02-05', NULL, 104, '1987-03-03', 46370),
(615, '1987-02-01', NULL, 107, '1987-02-06', 710),
(618, '1987-02-15', 'A', 102, '1987-03-06', 3510.5),
(621, '1987-03-15', 'A', 100, '1987-01-01', 730);

INSERT INTO detalle VALUES
(610, 3, 100890, 58, 1, 58),
(611, 1, 100861, 45, 1, 45),
(612, 1, 100860, 30, 100, 3000),
(601, 1, 200376, 2.4, 1, 2.4),
(602, 1, 100870, 2.8, 20, 56),
(604, 1, 100890, 58, 3, 174),
(604, 2, 100861, 42, 2, 84),
(604, 3, 100860, 44, 10, 440),
(603, 2, 100860, 56, 4, 224),
(610, 1, 100860, 35, 1, 35),
(610, 2, 100870, 2.8, 3, 8.4),
(613, 4, 200376, 2.2, 200, 440),
(614, 1, 100860, 35, 444, 15540),
(614, 2, 100870, 2.8, 1000, 2800),
(612, 2, 100861, 40.5, 20, 810),
(612, 3, 101863, 10, 150, 1500),
(620, 1, 100860, 35, 10, 350),
(620, 2, 200376, 2.4, 1000, 2400),
(620, 3, 102130, 3.4, 500, 1700),
(613, 1, 100871, 5.6, 100, 560),
(613, 2, 101860, 24, 200, 4800),
(613, 3, 200380, 4, 150, 600),
(619, 3, 102130, 3.4, 100, 340),
(617, 1, 100860, 35, 50, 1750),
(617, 2, 100861, 45, 100, 4500),
(614, 3, 100871, 5.6, 1000, 5600),
(616, 1, 100861, 45, 10, 450),
(616, 2, 100870, 2.8, 50, 140),
(616, 3, 100890, 58, 2, 116),
(616, 4, 102130, 3.4, 10, 34),
(616, 5, 200376, 2.4, 10, 24),
(619, 1, 200380, 4, 100, 400),
(619, 2, 200376, 2.4, 100, 240),
(615, 1, 100861, 45, 4, 180),
(607, 1, 100871, 5.6, 1, 5.6),
(615, 2, 100870, 2.8, 100, 280),
(617, 3, 100870, 2.8, 500, 1400),
(617, 4, 100871, 5.6, 500, 2800),
(617, 5, 100890, 58, 500, 29000),
(617, 6, 101860, 24, 100, 2400),
(617, 7, 101863, 12.5, 200, 2500),
(617, 8, 102130, 3.4, 100, 340),
(617, 9, 200376, 2.4, 200, 480),
(617, 10, 200380, 4, 300, 1200),
(609, 2, 100870, 2.5, 5, 12.5),
(609, 3, 100890, 50, 1, 50),
(618, 1, 100860, 35, 23, 805),
(618, 2, 100861, 45.11, 50, 2255.5),
(618, 3, 100870, 45, 10, 450),
(621, 1, 100861, 45, 10, 450),
(621, 2, 100870, 2.8, 100, 280),
(615, 3, 100871, 5, 50, 250),
(608, 1, 101860, 24, 1, 24),
(608, 2, 100871, 5.6, 2, 11.2),
(609, 1, 100861, 35, 1, 35),
(606, 1, 102130, 3.4, 1, 3.4),
(605, 1, 100861, 45, 100, 4500),
(605, 2, 100870, 2.8, 500, 1400),
(605, 3, 100890, 58, 5, 290),
(605, 4, 101860, 24, 50, 1200),
(605, 5, 101863, 9, 100, 900),
(605, 6, 102130, 3.4, 10, 34),
(612, 4, 100871, 5.5, 100, 550),
(619, 4, 100871, 5.6, 50, 280);
